[
    {
        "date": "2026-01-01",
        "saint": {
            "name": "Santa Maria, Mãe de Deus",
            "type": "Dia de Semana",
            "description": "Quinta-Feira do Tempo do Natal",
            "color": "#FFFFFF"
        }
    },
    {
        "date": "2026-01-02",
        "saint": {
            "name": "Santos Basilio Magno e Gregório de Nazianzo, bispos e doutores da Igreja",
            "type": "Dia de Semana",
            "description": "Sexta-Feira do Tempo do Natal",
            "color": "#FFFFFF"
        }
    },
    {
        "date": "2026-01-03",
        "saint": {
            "name": "Santíssimo Nome de Jesus",
            "type": "Memória facultativa",
            "description": "Sábado do Tempo do Natal",
            "color": "#FFFFFF"
        }
    },
    {
        "date": "2026-01-04",
        "saint": {
            "name": "Epifania do Senhor",
            "type": "Dia de Semana",
            "description": "Domingo do Tempo do Natal",
            "color": "#FFFFFF"
        }
    },
    {
        "date": "2026-01-05",
        "saint": {
            "name": "Segunda-Feira depois da Epifania",
            "type": "Dia de Semana",
            "description": "Segunda-Feira do Tempo do Natal",
            "color": "#FFFFFF"
        }
    },
    {
        "date": "2026-01-06",
        "saint": {
            "name": "Terça-Feira depois da Epifania",
            "type": "Dia de Semana",
            "description": "Terça-Feira do Tempo do Natal",
            "color": "#FFFFFF"
        }
    },
    {
        "date": "2026-01-07",
        "saint": {
            "name": "São Raimundo de Peñafort, presbítero",
            "type": "Memória facultativa",
            "description": "Quarta-Feira do Tempo do Natal",
            "color": "#FFFFFF"
        }
    },
    {
        "date": "2026-01-08",
        "saint": {
            "name": "Quinta-Feira depois da Epifania",
            "type": "Dia de Semana",
            "description": "Quinta-Feira do Tempo do Natal",
            "color": "#FFFFFF"
        }
    },
    {
        "date": "2026-01-09",
        "saint": {
            "name": "Sexta-Feira depois da Epifania",
            "type": "Dia de Semana",
            "description": "Sexta-Feira do Tempo do Natal",
            "color": "#FFFFFF"
        }
    },
    {
        "date": "2026-01-10",
        "saint": {
            "name": "Sábado depois da Epifania",
            "type": "Dia de Semana",
            "description": "Sábado do Tempo do Natal",
            "color": "#FFFFFF"
        }
    },
    {
        "date": "2026-01-11",
        "saint": {
            "name": "Baptismo do Senhor",
            "type": "Dia de Semana",
            "description": "Domingo do Tempo do Natal",
            "color": "#FFFFFF"
        }
    },
    {
        "date": "2026-01-12",
        "saint": {
            "name": "Segunda-Feira da Semana I do Tempo Comum",
            "type": "Dia de Semana",
            "description": "Segunda-Feira do Tempo Comum",
            "color": "#2E8B57"
        }
    },
    {
        "date": "2026-01-13",
        "saint": {
            "name": "Santo Hilário, bispo e doutor da Igreja",
            "type": "Memória facultativa",
            "description": "Terça-Feira do Tempo Comum",
            "color": "#FFFFFF"
        }
    },
    {
        "date": "2026-01-14",
        "saint": {
            "name": "Quarta-Feira da Semana I do Tempo Comum",
            "type": "Dia de Semana",
            "description": "Quarta-Feira do Tempo Comum",
            "color": "#2E8B57"
        }
    },
    {
        "date": "2026-01-15",
        "saint": {
            "name": "Quinta-Feira da Semana I do Tempo Comum",
            "type": "Dia de Semana",
            "description": "Quinta-Feira do Tempo Comum",
            "color": "#2E8B57"
        }
    },
    {
        "date": "2026-01-16",
        "saint": {
            "name": "Sexta-Feira da Semana I do Tempo Comum",
            "type": "Dia de Semana",
            "description": "Sexta-Feira do Tempo Comum",
            "color": "#2E8B57"
        }
    },
    {
        "date": "2026-01-17",
        "saint": {
            "name": "Santo Antão, abade",
            "type": "Dia de Semana",
            "description": "Sábado do Tempo Comum",
            "color": "#2E8B57"
        }
    },
    {
        "date": "2026-01-18",
        "saint": {
            "name": "Domingo II do Tempo Comum",
            "type": "Dia de Semana",
            "description": "Domingo do Tempo Comum",
            "color": "#2E8B57"
        }
    },
    {
        "date": "2026-01-19",
        "saint": {
            "name": "Segunda-Feira da Semana II do Tempo Comum",
            "type": "Dia de Semana",
            "description": "Segunda-Feira do Tempo Comum",
            "color": "#2E8B57"
        }
    },
    {
        "date": "2026-01-20",
        "saint": {
            "name": "São Fabião, papa e mártir / São Sebastião, mártir",
            "type": "Memória facultativa",
            "description": "Terça-Feira do Tempo Comum",
            "color": "#FF4500"
        }
    },
    {
        "date": "2026-01-21",
        "saint": {
            "name": "Santa Inês, virgem e mártir",
            "type": "Dia de Semana",
            "description": "Quarta-Feira do Tempo Comum",
            "color": "#FF4500"
        }
    },
    {
        "date": "2026-01-22",
        "saint": {
            "name": "São Vicente, diácono e mártir",
            "type": "Memória facultativa",
            "description": "Quinta-Feira do Tempo Comum",
            "color": "#FF4500"
        }
    },
    {
        "date": "2026-01-23",
        "saint": {
            "name": "Sexta-Feira da Semana II do Tempo Comum",
            "type": "Dia de Semana",
            "description": "Sexta-Feira do Tempo Comum",
            "color": "#2E8B57"
        }
    },
    {
        "date": "2026-01-24",
        "saint": {
            "name": "São Francisco de Sales, bispo e doutor da Igreja",
            "type": "Dia de Semana",
            "description": "Sábado do Tempo Comum",
            "color": "#2E8B57"
        }
    },
    {
        "date": "2026-01-25",
        "saint": {
            "name": "Domingo III do Tempo Comum",
            "type": "Dia de Semana",
            "description": "Domingo do Tempo Comum",
            "color": "#2E8B57"
        }
    },
    {
        "date": "2026-01-26",
        "saint": {
            "name": "Santos Timóteo e Tito, bispos",
            "type": "Dia de Semana",
            "description": "Segunda-Feira do Tempo Comum",
            "color": "#2E8B57"
        }
    },
    {
        "date": "2026-01-27",
        "saint": {
            "name": "Santa Ângela Merici, virgem",
            "type": "Memória facultativa",
            "description": "Terça-Feira do Tempo Comum",
            "color": "#FFFFFF"
        }
    },
    {
        "date": "2026-01-28",
        "saint": {
            "name": "São Tomás de Aquino, presbítero e doutor da Igreja",
            "type": "Dia de Semana",
            "description": "Quarta-Feira do Tempo Comum",
            "color": "#2E8B57"
        }
    },
    {
        "date": "2026-01-29",
        "saint": {
            "name": "Quinta-Feira da Semana III do Tempo Comum",
            "type": "Dia de Semana",
            "description": "Quinta-Feira do Tempo Comum",
            "color": "#2E8B57"
        }
    },
    {
        "date": "2026-01-30",
        "saint": {
            "name": "Sexta-Feira da Semana III do Tempo Comum",
            "type": "Dia de Semana",
            "description": "Sexta-Feira do Tempo Comum",
            "color": "#2E8B57"
        }
    },
    {
        "date": "2026-01-31",
        "saint": {
            "name": "São João Bosco, presbítero",
            "type": "Dia de Semana",
            "description": "Sábado do Tempo Comum",
            "color": "#2E8B57"
        }
    },
    {
        "date": "2026-02-01",
        "saint": {
            "name": "Domingo IV do Tempo Comum",
            "type": "Dia de Semana",
            "description": "Domingo do Tempo Comum",
            "color": "#2E8B57"
        }
    },
    {
        "date": "2026-02-02",
        "saint": {
            "name": "Apresentação do Senhor",
            "type": "Dia de Semana",
            "description": "Segunda-Feira do Tempo Comum",
            "color": "#2E8B57"
        }
    },
    {
        "date": "2026-02-03",
        "saint": {
            "name": "Santo Anscário, bispo / São Brás, bispo e mártir",
            "type": "Memória facultativa",
            "description": "Terça-Feira do Tempo Comum",
            "color": "#FF4500"
        }
    },
    {
        "date": "2026-02-04",
        "saint": {
            "name": "Quarta-Feira da Semana IV do Tempo Comum",
            "type": "Dia de Semana",
            "description": "Quarta-Feira do Tempo Comum",
            "color": "#2E8B57"
        }
    },
    {
        "date": "2026-02-05",
        "saint": {
            "name": "Santa Águeda, virgem e mártir",
            "type": "Dia de Semana",
            "description": "Quinta-Feira do Tempo Comum",
            "color": "#FF4500"
        }
    },
    {
        "date": "2026-02-06",
        "saint": {
            "name": "Santos Paulo Miki e Companheiros, mártires",
            "type": "Dia de Semana",
            "description": "Sexta-Feira do Tempo Comum",
            "color": "#FF4500"
        }
    },
    {
        "date": "2026-02-07",
        "saint": {
            "name": "Nossa Senhora no Sábado",
            "type": "Memória facultativa",
            "description": "Sábado do Tempo Comum",
            "color": "#FFFFFF"
        }
    },
    {
        "date": "2026-02-08",
        "saint": {
            "name": "Domingo V do Tempo Comum",
            "type": "Dia de Semana",
            "description": "Domingo do Tempo Comum",
            "color": "#2E8B57"
        }
    },
    {
        "date": "2026-02-09",
        "saint": {
            "name": "Segunda-Feira da Semana V do Tempo Comum",
            "type": "Dia de Semana",
            "description": "Segunda-Feira do Tempo Comum",
            "color": "#2E8B57"
        }
    },
    {
        "date": "2026-02-10",
        "saint": {
            "name": "Santa Escolástica, virgem",
            "type": "Dia de Semana",
            "description": "Terça-Feira do Tempo Comum",
            "color": "#2E8B57"
        }
    },
    {
        "date": "2026-02-11",
        "saint": {
            "name": "Nossa Senhora de Lurdes",
            "type": "Memória facultativa",
            "description": "Quarta-Feira do Tempo Comum",
            "color": "#FFFFFF"
        }
    },
    {
        "date": "2026-02-12",
        "saint": {
            "name": "Quinta-Feira da Semana V do Tempo Comum",
            "type": "Dia de Semana",
            "description": "Quinta-Feira do Tempo Comum",
            "color": "#2E8B57"
        }
    },
    {
        "date": "2026-02-13",
        "saint": {
            "name": "Sexta-Feira da Semana V do Tempo Comum",
            "type": "Dia de Semana",
            "description": "Sexta-Feira do Tempo Comum",
            "color": "#2E8B57"
        }
    },
    {
        "date": "2026-02-14",
        "saint": {
            "name": "Santos Cirilo, monge, e Metódio, bispo",
            "type": "Dia de Semana",
            "description": "Sábado do Tempo Comum",
            "color": "#2E8B57"
        }
    },
    {
        "date": "2026-02-15",
        "saint": {
            "name": "Domingo VI do Tempo Comum",
            "type": "Dia de Semana",
            "description": "Domingo do Tempo Comum",
            "color": "#2E8B57"
        }
    },
    {
        "date": "2026-02-16",
        "saint": {
            "name": "Segunda-Feira da Semana VI do Tempo Comum",
            "type": "Dia de Semana",
            "description": "Segunda-Feira do Tempo Comum",
            "color": "#2E8B57"
        }
    },
    {
        "date": "2026-02-17",
        "saint": {
            "name": "Santos Sete Fundadores da Ordem dos Servitas",
            "type": "Memória facultativa",
            "description": "Terça-Feira do Tempo Comum",
            "color": "#FFFFFF"
        }
    },
    {
        "date": "2026-02-18",
        "saint": {
            "name": "Quarta-feira de Cinzas",
            "type": "Dia de Semana",
            "description": "Quarta-Feira do Quaresma",
            "color": "#9370DB"
        }
    },
    {
        "date": "2026-02-19",
        "saint": {
            "name": "Quinta-Feira depois das Cinzas",
            "type": "Dia de Semana",
            "description": "Quinta-Feira do Quaresma",
            "color": "#9370DB"
        }
    },
    {
        "date": "2026-02-20",
        "saint": {
            "name": "Sexta-Feira depois das Cinzas",
            "type": "Dia de Semana",
            "description": "Sexta-Feira do Quaresma",
            "color": "#9370DB"
        }
    },
    {
        "date": "2026-02-21",
        "saint": {
            "name": "São Pedro Damião, bispo e doutor da Igreja",
            "type": "Comemoração",
            "description": "Sábado do Quaresma",
            "color": "#9370DB"
        }
    },
    {
        "date": "2026-02-22",
        "saint": {
            "name": "Domingo I da Quaresma",
            "type": "Dia de Semana",
            "description": "Domingo do Quaresma",
            "color": "#9370DB"
        }
    },
    {
        "date": "2026-02-23",
        "saint": {
            "name": "São Policarpo, bispo e mártir",
            "type": "Comemoração",
            "description": "Segunda-Feira do Quaresma",
            "color": "#FF4500"
        }
    },
    {
        "date": "2026-02-24",
        "saint": {
            "name": "Terça-Feira da Semana I da Quaresma",
            "type": "Dia de Semana",
            "description": "Terça-Feira do Quaresma",
            "color": "#9370DB"
        }
    },
    {
        "date": "2026-02-25",
        "saint": {
            "name": "Quarta-Feira da Semana I da Quaresma",
            "type": "Dia de Semana",
            "description": "Quarta-Feira do Quaresma",
            "color": "#9370DB"
        }
    },
    {
        "date": "2026-02-26",
        "saint": {
            "name": "Quinta-Feira da Semana I da Quaresma",
            "type": "Dia de Semana",
            "description": "Quinta-Feira do Quaresma",
            "color": "#9370DB"
        }
    },
    {
        "date": "2026-02-27",
        "saint": {
            "name": "São Gregório de Narek, abade e doutor da Igreja",
            "type": "Comemoração",
            "description": "Sexta-Feira do Quaresma",
            "color": "#9370DB"
        }
    },
    {
        "date": "2026-02-28",
        "saint": {
            "name": "Sábado da Semana I da Quaresma",
            "type": "Dia de Semana",
            "description": "Sábado do Quaresma",
            "color": "#9370DB"
        }
    },
    {
        "date": "2026-03-01",
        "saint": {
            "name": "Domingo II da Quaresma",
            "type": "Dia de Semana",
            "description": "Domingo do Quaresma",
            "color": "#9370DB"
        }
    },
    {
        "date": "2026-03-02",
        "saint": {
            "name": "Segunda-Feira da Semana II da Quaresma",
            "type": "Dia de Semana",
            "description": "Segunda-Feira do Quaresma",
            "color": "#9370DB"
        }
    },
    {
        "date": "2026-03-03",
        "saint": {
            "name": "Terça-Feira da Semana II da Quaresma",
            "type": "Dia de Semana",
            "description": "Terça-Feira do Quaresma",
            "color": "#9370DB"
        }
    },
    {
        "date": "2026-03-04",
        "saint": {
            "name": "São Casimiro",
            "type": "Comemoração",
            "description": "Quarta-Feira do Quaresma",
            "color": "#9370DB"
        }
    },
    {
        "date": "2026-03-05",
        "saint": {
            "name": "Quinta-Feira da Semana II da Quaresma",
            "type": "Dia de Semana",
            "description": "Quinta-Feira do Quaresma",
            "color": "#9370DB"
        }
    },
    {
        "date": "2026-03-06",
        "saint": {
            "name": "Sexta-Feira da Semana II da Quaresma",
            "type": "Dia de Semana",
            "description": "Sexta-Feira do Quaresma",
            "color": "#9370DB"
        }
    },
    {
        "date": "2026-03-07",
        "saint": {
            "name": "Santas Perpétua e Felicidade, mártires",
            "type": "Comemoração",
            "description": "Sábado do Quaresma",
            "color": "#FF4500"
        }
    },
    {
        "date": "2026-03-08",
        "saint": {
            "name": "Domingo III da Quaresma",
            "type": "Dia de Semana",
            "description": "Domingo do Quaresma",
            "color": "#9370DB"
        }
    },
    {
        "date": "2026-03-09",
        "saint": {
            "name": "Santa Francisca Romana, religiosa",
            "type": "Comemoração",
            "description": "Segunda-Feira do Quaresma",
            "color": "#9370DB"
        }
    },
    {
        "date": "2026-03-10",
        "saint": {
            "name": "Terça-Feira da Semana III da Quaresma",
            "type": "Dia de Semana",
            "description": "Terça-Feira do Quaresma",
            "color": "#9370DB"
        }
    },
    {
        "date": "2026-03-11",
        "saint": {
            "name": "Quarta-Feira da Semana III da Quaresma",
            "type": "Dia de Semana",
            "description": "Quarta-Feira do Quaresma",
            "color": "#9370DB"
        }
    },
    {
        "date": "2026-03-12",
        "saint": {
            "name": "Quinta-Feira da Semana III da Quaresma",
            "type": "Dia de Semana",
            "description": "Quinta-Feira do Quaresma",
            "color": "#9370DB"
        }
    },
    {
        "date": "2026-03-13",
        "saint": {
            "name": "Sexta-Feira da Semana III da Quaresma",
            "type": "Dia de Semana",
            "description": "Sexta-Feira do Quaresma",
            "color": "#9370DB"
        }
    },
    {
        "date": "2026-03-14",
        "saint": {
            "name": "Sábado da Semana III da Quaresma",
            "type": "Dia de Semana",
            "description": "Sábado do Quaresma",
            "color": "#9370DB"
        }
    },
    {
        "date": "2026-03-15",
        "saint": {
            "name": "Domingo IV da Quaresma",
            "type": "Dia de Semana",
            "description": "Domingo do Quaresma",
            "color": "#9370DB"
        }
    },
    {
        "date": "2026-03-16",
        "saint": {
            "name": "Segunda-Feira da Semana IV da Quaresma",
            "type": "Dia de Semana",
            "description": "Segunda-Feira do Quaresma",
            "color": "#9370DB"
        }
    },
    {
        "date": "2026-03-17",
        "saint": {
            "name": "São Patrício, bispo",
            "type": "Comemoração",
            "description": "Terça-Feira do Quaresma",
            "color": "#9370DB"
        }
    },
    {
        "date": "2026-03-18",
        "saint": {
            "name": "São Cirilo de Jerusalém, bispo e doutor da Igreja",
            "type": "Comemoração",
            "description": "Quarta-Feira do Quaresma",
            "color": "#9370DB"
        }
    },
    {
        "date": "2026-03-19",
        "saint": {
            "name": "São José, esposo da Virgem Santa Maria",
            "type": "Dia de Semana",
            "description": "Quinta-Feira do Quaresma",
            "color": "#9370DB"
        }
    },
    {
        "date": "2026-03-20",
        "saint": {
            "name": "Sexta-Feira da Semana IV da Quaresma",
            "type": "Dia de Semana",
            "description": "Sexta-Feira do Quaresma",
            "color": "#9370DB"
        }
    },
    {
        "date": "2026-03-21",
        "saint": {
            "name": "Sábado da Semana IV da Quaresma",
            "type": "Dia de Semana",
            "description": "Sábado do Quaresma",
            "color": "#9370DB"
        }
    },
    {
        "date": "2026-03-22",
        "saint": {
            "name": "Domingo V da Quaresma",
            "type": "Dia de Semana",
            "description": "Domingo do Quaresma",
            "color": "#9370DB"
        }
    },
    {
        "date": "2026-03-23",
        "saint": {
            "name": "São Turíbio de Mongrovejo, bispo",
            "type": "Comemoração",
            "description": "Segunda-Feira do Quaresma",
            "color": "#9370DB"
        }
    },
    {
        "date": "2026-03-24",
        "saint": {
            "name": "Terça-Feira da Semana V da Quaresma",
            "type": "Dia de Semana",
            "description": "Terça-Feira do Quaresma",
            "color": "#9370DB"
        }
    },
    {
        "date": "2026-03-25",
        "saint": {
            "name": "Anunciação do Senhor",
            "type": "Dia de Semana",
            "description": "Quarta-Feira do Quaresma",
            "color": "#9370DB"
        }
    },
    {
        "date": "2026-03-26",
        "saint": {
            "name": "Quinta-Feira da Semana V da Quaresma",
            "type": "Dia de Semana",
            "description": "Quinta-Feira do Quaresma",
            "color": "#9370DB"
        }
    },
    {
        "date": "2026-03-27",
        "saint": {
            "name": "Sexta-Feira da Semana V da Quaresma",
            "type": "Dia de Semana",
            "description": "Sexta-Feira do Quaresma",
            "color": "#9370DB"
        }
    },
    {
        "date": "2026-03-28",
        "saint": {
            "name": "Sábado da Semana V da Quaresma",
            "type": "Dia de Semana",
            "description": "Sábado do Quaresma",
            "color": "#9370DB"
        }
    },
    {
        "date": "2026-03-29",
        "saint": {
            "name": "Domingo de Ramos e da Paixão do Senhor",
            "type": "Dia de Semana",
            "description": "Domingo do Quaresma",
            "color": "#9370DB"
        }
    },
    {
        "date": "2026-03-30",
        "saint": {
            "name": "Segunda-feira da Semana Santa",
            "type": "Dia de Semana",
            "description": "Segunda-Feira do Quaresma",
            "color": "#9370DB"
        }
    },
    {
        "date": "2026-03-31",
        "saint": {
            "name": "Terça-feira da Semana Santa",
            "type": "Dia de Semana",
            "description": "Terça-Feira do Semana Santa",
            "color": "#9370DB"
        }
    },
    {
        "date": "2026-04-01",
        "saint": {
            "name": "Quarta-feira da Semana Santa",
            "type": "Dia de Semana",
            "description": "Quarta-Feira do Semana Santa",
            "color": "#9370DB"
        }
    },
    {
        "date": "2026-04-02",
        "saint": {
            "name": "Quinta-feira da Ceia do Senhor",
            "type": "Dia de Semana",
            "description": "Quinta-Feira do Tríduo Pascal",
            "color": "#9370DB"
        }
    },
    {
        "date": "2026-04-03",
        "saint": {
            "name": "Sexta-feira da Paixão do Senhor",
            "type": "Dia de Semana",
            "description": "Sexta-Feira do Tríduo Pascal",
            "color": "#9370DB"
        }
    },
    {
        "date": "2026-04-04",
        "saint": {
            "name": "Sábado Santo",
            "type": "Dia de Semana",
            "description": "Sábado do Tríduo Pascal",
            "color": "#9370DB"
        }
    },
    {
        "date": "2026-04-05",
        "saint": {
            "name": "Domingo de Páscoa da Ressurreição do Senhor",
            "type": "Dia de Semana",
            "description": "Domingo do Tempo Pascal",
            "color": "#FFFFFF"
        }
    },
    {
        "date": "2026-04-06",
        "saint": {
            "name": "Segunda-Feira na Oitava da Páscoa",
            "type": "Dia de Semana",
            "description": "Segunda-Feira do Tempo Pascal",
            "color": "#FFFFFF"
        }
    },
    {
        "date": "2026-04-07",
        "saint": {
            "name": "Terça-Feira na Oitava da Páscoa",
            "type": "Dia de Semana",
            "description": "Terça-Feira do Tempo Pascal",
            "color": "#FFFFFF"
        }
    },
    {
        "date": "2026-04-08",
        "saint": {
            "name": "Quarta-Feira na Oitava da Páscoa",
            "type": "Dia de Semana",
            "description": "Quarta-Feira do Tempo Pascal",
            "color": "#FFFFFF"
        }
    },
    {
        "date": "2026-04-09",
        "saint": {
            "name": "Quinta-Feira na Oitava da Páscoa",
            "type": "Dia de Semana",
            "description": "Quinta-Feira do Tempo Pascal",
            "color": "#FFFFFF"
        }
    },
    {
        "date": "2026-04-10",
        "saint": {
            "name": "Sexta-Feira na Oitava da Páscoa",
            "type": "Dia de Semana",
            "description": "Sexta-Feira do Tempo Pascal",
            "color": "#FFFFFF"
        }
    },
    {
        "date": "2026-04-11",
        "saint": {
            "name": "Sábado na Oitava da Páscoa",
            "type": "Dia de Semana",
            "description": "Sábado do Tempo Pascal",
            "color": "#FFFFFF"
        }
    },
    {
        "date": "2026-04-12",
        "saint": {
            "name": "Domingo II da Páscoa ou da Divina Misericórdia",
            "type": "Dia de Semana",
            "description": "Domingo do Tempo Pascal",
            "color": "#FFFFFF"
        }
    },
    {
        "date": "2026-04-13",
        "saint": {
            "name": "São Martinho I, papa e mártir",
            "type": "Memória facultativa",
            "description": "Segunda-Feira do Tempo Pascal",
            "color": "#FF4500"
        }
    },
    {
        "date": "2026-04-14",
        "saint": {
            "name": "Terça-Feira da Semana II da Páscoa",
            "type": "Dia de Semana",
            "description": "Terça-Feira do Tempo Pascal",
            "color": "#FFFFFF"
        }
    },
    {
        "date": "2026-04-15",
        "saint": {
            "name": "Quarta-Feira da Semana II da Páscoa",
            "type": "Dia de Semana",
            "description": "Quarta-Feira do Tempo Pascal",
            "color": "#FFFFFF"
        }
    },
    {
        "date": "2026-04-16",
        "saint": {
            "name": "Quinta-Feira da Semana II da Páscoa",
            "type": "Dia de Semana",
            "description": "Quinta-Feira do Tempo Pascal",
            "color": "#FFFFFF"
        }
    },
    {
        "date": "2026-04-17",
        "saint": {
            "name": "Sexta-Feira da Semana II da Páscoa",
            "type": "Dia de Semana",
            "description": "Sexta-Feira do Tempo Pascal",
            "color": "#FFFFFF"
        }
    },
    {
        "date": "2026-04-18",
        "saint": {
            "name": "Sábado da Semana II da Páscoa",
            "type": "Dia de Semana",
            "description": "Sábado do Tempo Pascal",
            "color": "#FFFFFF"
        }
    },
    {
        "date": "2026-04-19",
        "saint": {
            "name": "Domingo III da Páscoa",
            "type": "Dia de Semana",
            "description": "Domingo do Tempo Pascal",
            "color": "#FFFFFF"
        }
    },
    {
        "date": "2026-04-20",
        "saint": {
            "name": "Segunda-Feira da Semana III da Páscoa",
            "type": "Dia de Semana",
            "description": "Segunda-Feira do Tempo Pascal",
            "color": "#FFFFFF"
        }
    },
    {
        "date": "2026-04-21",
        "saint": {
            "name": "Santo Anselmo, bispo e doutor da Igreja",
            "type": "Memória facultativa",
            "description": "Terça-Feira do Tempo Pascal",
            "color": "#FFFFFF"
        }
    },
    {
        "date": "2026-04-22",
        "saint": {
            "name": "Quarta-Feira da Semana III da Páscoa",
            "type": "Dia de Semana",
            "description": "Quarta-Feira do Tempo Pascal",
            "color": "#FFFFFF"
        }
    },
    {
        "date": "2026-04-23",
        "saint": {
            "name": "Santo Adalberto, bispo e mártir / São Jorge, mártir",
            "type": "Memória facultativa",
            "description": "Quinta-Feira do Tempo Pascal",
            "color": "#FF4500"
        }
    },
    {
        "date": "2026-04-24",
        "saint": {
            "name": "São Fiel de Sigmaringa, presbítero e mártir",
            "type": "Memória facultativa",
            "description": "Sexta-Feira do Tempo Pascal",
            "color": "#FF4500"
        }
    },
    {
        "date": "2026-04-25",
        "saint": {
            "name": "São Marcos, evangelista",
            "type": "Dia de Semana",
            "description": "Sábado do Tempo Pascal",
            "color": "#FFFFFF"
        }
    },
    {
        "date": "2026-04-26",
        "saint": {
            "name": "Domingo IV da Páscoa",
            "type": "Dia de Semana",
            "description": "Domingo do Tempo Pascal",
            "color": "#FFFFFF"
        }
    },
    {
        "date": "2026-04-27",
        "saint": {
            "name": "Segunda-Feira da Semana IV da Páscoa",
            "type": "Dia de Semana",
            "description": "Segunda-Feira do Tempo Pascal",
            "color": "#FFFFFF"
        }
    },
    {
        "date": "2026-04-28",
        "saint": {
            "name": "São Luís Maria Grignion de Montfort, presbítero / São Pedro Chanel, presbítero e mártir",
            "type": "Memória facultativa",
            "description": "Terça-Feira do Tempo Pascal",
            "color": "#FF4500"
        }
    },
    {
        "date": "2026-04-29",
        "saint": {
            "name": "Santa Catarina de Siena, virgem e doutor da Igreja",
            "type": "Dia de Semana",
            "description": "Quarta-Feira do Tempo Pascal",
            "color": "#FFFFFF"
        }
    },
    {
        "date": "2026-04-30",
        "saint": {
            "name": "São Pio V, papa",
            "type": "Memória facultativa",
            "description": "Quinta-Feira do Tempo Pascal",
            "color": "#FFFFFF"
        }
    },
    {
        "date": "2026-05-01",
        "saint": {
            "name": "São José Operário",
            "type": "Memória facultativa",
            "description": "Sexta-Feira do Tempo Pascal",
            "color": "#FFFFFF"
        }
    },
    {
        "date": "2026-05-02",
        "saint": {
            "name": "Santo Atanasio, bispo e doutor da Igreja",
            "type": "Dia de Semana",
            "description": "Sábado do Tempo Pascal",
            "color": "#FFFFFF"
        }
    },
    {
        "date": "2026-05-03",
        "saint": {
            "name": "Domingo V da Páscoa",
            "type": "Dia de Semana",
            "description": "Domingo do Tempo Pascal",
            "color": "#FFFFFF"
        }
    },
    {
        "date": "2026-05-04",
        "saint": {
            "name": "Segunda-Feira da Semana V da Páscoa",
            "type": "Dia de Semana",
            "description": "Segunda-Feira do Tempo Pascal",
            "color": "#FFFFFF"
        }
    },
    {
        "date": "2026-05-05",
        "saint": {
            "name": "Terça-Feira da Semana V da Páscoa",
            "type": "Dia de Semana",
            "description": "Terça-Feira do Tempo Pascal",
            "color": "#FFFFFF"
        }
    },
    {
        "date": "2026-05-06",
        "saint": {
            "name": "Quarta-Feira da Semana V da Páscoa",
            "type": "Dia de Semana",
            "description": "Quarta-Feira do Tempo Pascal",
            "color": "#FFFFFF"
        }
    },
    {
        "date": "2026-05-07",
        "saint": {
            "name": "Quinta-Feira da Semana V da Páscoa",
            "type": "Dia de Semana",
            "description": "Quinta-Feira do Tempo Pascal",
            "color": "#FFFFFF"
        }
    },
    {
        "date": "2026-05-08",
        "saint": {
            "name": "Sexta-Feira da Semana V da Páscoa",
            "type": "Dia de Semana",
            "description": "Sexta-Feira do Tempo Pascal",
            "color": "#FFFFFF"
        }
    },
    {
        "date": "2026-05-09",
        "saint": {
            "name": "Sábado da Semana V da Páscoa",
            "type": "Dia de Semana",
            "description": "Sábado do Tempo Pascal",
            "color": "#FFFFFF"
        }
    },
    {
        "date": "2026-05-10",
        "saint": {
            "name": "Domingo VI da Páscoa",
            "type": "Dia de Semana",
            "description": "Domingo do Tempo Pascal",
            "color": "#FFFFFF"
        }
    },
    {
        "date": "2026-05-11",
        "saint": {
            "name": "Segunda-Feira da Semana VI da Páscoa",
            "type": "Dia de Semana",
            "description": "Segunda-Feira do Tempo Pascal",
            "color": "#FFFFFF"
        }
    },
    {
        "date": "2026-05-12",
        "saint": {
            "name": "Santos Nereu e Aquileu, mártires / São Pancrácio, mártir",
            "type": "Memória facultativa",
            "description": "Terça-Feira do Tempo Pascal",
            "color": "#FF4500"
        }
    },
    {
        "date": "2026-05-13",
        "saint": {
            "name": "Nossa Senhora de Fátima",
            "type": "Memória facultativa",
            "description": "Quarta-Feira do Tempo Pascal",
            "color": "#FFFFFF"
        }
    },
    {
        "date": "2026-05-14",
        "saint": {
            "name": "São Matias, apóstolo",
            "type": "Dia de Semana",
            "description": "Quinta-Feira do Tempo Pascal",
            "color": "#FFFFFF"
        }
    },
    {
        "date": "2026-05-15",
        "saint": {
            "name": "Sexta-Feira da Semana VI da Páscoa",
            "type": "Dia de Semana",
            "description": "Sexta-Feira do Tempo Pascal",
            "color": "#FFFFFF"
        }
    },
    {
        "date": "2026-05-16",
        "saint": {
            "name": "Sábado da Semana VI da Páscoa",
            "type": "Dia de Semana",
            "description": "Sábado do Tempo Pascal",
            "color": "#FFFFFF"
        }
    },
    {
        "date": "2026-05-17",
        "saint": {
            "name": "Ascensão do Senhor",
            "type": "Dia de Semana",
            "description": "Domingo do Tempo Pascal",
            "color": "#FFFFFF"
        }
    },
    {
        "date": "2026-05-18",
        "saint": {
            "name": "São João I, papa e mártir",
            "type": "Memória facultativa",
            "description": "Segunda-Feira do Tempo Pascal",
            "color": "#FF4500"
        }
    },
    {
        "date": "2026-05-19",
        "saint": {
            "name": "Terça-Feira da Semana VII da Páscoa",
            "type": "Dia de Semana",
            "description": "Terça-Feira do Tempo Pascal",
            "color": "#FFFFFF"
        }
    },
    {
        "date": "2026-05-20",
        "saint": {
            "name": "São Bernardino de Siena, presbítero",
            "type": "Memória facultativa",
            "description": "Quarta-Feira do Tempo Pascal",
            "color": "#FFFFFF"
        }
    },
    {
        "date": "2026-05-21",
        "saint": {
            "name": "Santos Cristóvão de Magalhães, presbítero, e Companheiros, mártires",
            "type": "Memória facultativa",
            "description": "Quinta-Feira do Tempo Pascal",
            "color": "#FF4500"
        }
    },
    {
        "date": "2026-05-22",
        "saint": {
            "name": "Santa Rita de Cássia, religiosa",
            "type": "Memória facultativa",
            "description": "Sexta-Feira do Tempo Pascal",
            "color": "#FFFFFF"
        }
    },
    {
        "date": "2026-05-23",
        "saint": {
            "name": "Sábado da Semana VII da Páscoa",
            "type": "Dia de Semana",
            "description": "Sábado do Tempo Pascal",
            "color": "#FFFFFF"
        }
    },
    {
        "date": "2026-05-24",
        "saint": {
            "name": "Domingo de Pentecostes",
            "type": "Dia de Semana",
            "description": "Domingo do Tempo Pascal",
            "color": "#FFFFFF"
        }
    },
    {
        "date": "2026-05-25",
        "saint": {
            "name": "Bem-aventurada Virgem Maria, Mãe da Igreja",
            "type": "Dia de Semana",
            "description": "Segunda-Feira do Tempo Comum",
            "color": "#2E8B57"
        }
    },
    {
        "date": "2026-05-26",
        "saint": {
            "name": "São Filipe Néri, presbítero",
            "type": "Dia de Semana",
            "description": "Terça-Feira do Tempo Comum",
            "color": "#2E8B57"
        }
    },
    {
        "date": "2026-05-27",
        "saint": {
            "name": "Santo Agostinho de Cantuária, bispo",
            "type": "Memória facultativa",
            "description": "Quarta-Feira do Tempo Comum",
            "color": "#FFFFFF"
        }
    },
    {
        "date": "2026-05-28",
        "saint": {
            "name": "Quinta-Feira da Semana VIII do Tempo Comum",
            "type": "Dia de Semana",
            "description": "Quinta-Feira do Tempo Comum",
            "color": "#2E8B57"
        }
    },
    {
        "date": "2026-05-29",
        "saint": {
            "name": "São Paulo VI, papa",
            "type": "Memória facultativa",
            "description": "Sexta-Feira do Tempo Comum",
            "color": "#FFFFFF"
        }
    },
    {
        "date": "2026-05-30",
        "saint": {
            "name": "Nossa Senhora no Sábado",
            "type": "Memória facultativa",
            "description": "Sábado do Tempo Comum",
            "color": "#FFFFFF"
        }
    },
    {
        "date": "2026-05-31",
        "saint": {
            "name": "Santíssima Trindade",
            "type": "Dia de Semana",
            "description": "Domingo do Tempo Comum",
            "color": "#2E8B57"
        }
    },
    {
        "date": "2026-06-01",
        "saint": {
            "name": "São Justino, mártir",
            "type": "Dia de Semana",
            "description": "Segunda-Feira do Tempo Comum",
            "color": "#FF4500"
        }
    },
    {
        "date": "2026-06-02",
        "saint": {
            "name": "Santos Marcelino e Pedro, mártires",
            "type": "Memória facultativa",
            "description": "Terça-Feira do Tempo Comum",
            "color": "#FF4500"
        }
    },
    {
        "date": "2026-06-03",
        "saint": {
            "name": "Santos Carlos Lwanga e Companheiros, mártires",
            "type": "Dia de Semana",
            "description": "Quarta-Feira do Tempo Comum",
            "color": "#FF4500"
        }
    },
    {
        "date": "2026-06-04",
        "saint": {
            "name": "Santíssimo Corpo e Sangue de Cristo",
            "type": "Dia de Semana",
            "description": "Quinta-Feira do Tempo Comum",
            "color": "#2E8B57"
        }
    },
    {
        "date": "2026-06-05",
        "saint": {
            "name": "São Bonifácio, bispo e mártir",
            "type": "Dia de Semana",
            "description": "Sexta-Feira do Tempo Comum",
            "color": "#FF4500"
        }
    },
    {
        "date": "2026-06-06",
        "saint": {
            "name": "São Norberto, obispo / Nossa Senhora no Sábado",
            "type": "Memória facultativa",
            "description": "Sábado do Tempo Comum",
            "color": "#FFFFFF"
        }
    },
    {
        "date": "2026-06-07",
        "saint": {
            "name": "Domingo X do Tempo Comum",
            "type": "Dia de Semana",
            "description": "Domingo do Tempo Comum",
            "color": "#2E8B57"
        }
    },
    {
        "date": "2026-06-08",
        "saint": {
            "name": "Santo Efrém, diácono e doutor da Igreja",
            "type": "Memória facultativa",
            "description": "Segunda-Feira do Tempo Comum",
            "color": "#FFFFFF"
        }
    },
    {
        "date": "2026-06-09",
        "saint": {
            "name": "São José de Anchieta, presbítero",
            "type": "Dia de Semana",
            "description": "Terça-Feira do Tempo Comum",
            "color": "#2E8B57"
        }
    },
    {
        "date": "2026-06-10",
        "saint": {
            "name": "Quarta-Feira da Semana X do Tempo Comum",
            "type": "Dia de Semana",
            "description": "Quarta-Feira do Tempo Comum",
            "color": "#2E8B57"
        }
    },
    {
        "date": "2026-06-11",
        "saint": {
            "name": "São Barnabé, apóstolo",
            "type": "Dia de Semana",
            "description": "Quinta-Feira do Tempo Comum",
            "color": "#2E8B57"
        }
    },
    {
        "date": "2026-06-12",
        "saint": {
            "name": "Sagrado Coração de Jesus",
            "type": "Dia de Semana",
            "description": "Sexta-Feira do Tempo Comum",
            "color": "#2E8B57"
        }
    },
    {
        "date": "2026-06-13",
        "saint": {
            "name": "Imaculado Coração da Virgem Santa Maria",
            "type": "Dia de Semana",
            "description": "Sábado do Tempo Comum",
            "color": "#2E8B57"
        }
    },
    {
        "date": "2026-06-14",
        "saint": {
            "name": "Domingo XI do Tempo Comum",
            "type": "Dia de Semana",
            "description": "Domingo do Tempo Comum",
            "color": "#2E8B57"
        }
    },
    {
        "date": "2026-06-15",
        "saint": {
            "name": "Segunda-Feira da Semana XI do Tempo Comum",
            "type": "Dia de Semana",
            "description": "Segunda-Feira do Tempo Comum",
            "color": "#2E8B57"
        }
    },
    {
        "date": "2026-06-16",
        "saint": {
            "name": "Terça-Feira da Semana XI do Tempo Comum",
            "type": "Dia de Semana",
            "description": "Terça-Feira do Tempo Comum",
            "color": "#2E8B57"
        }
    },
    {
        "date": "2026-06-17",
        "saint": {
            "name": "Quarta-Feira da Semana XI do Tempo Comum",
            "type": "Dia de Semana",
            "description": "Quarta-Feira do Tempo Comum",
            "color": "#2E8B57"
        }
    },
    {
        "date": "2026-06-18",
        "saint": {
            "name": "Quinta-Feira da Semana XI do Tempo Comum",
            "type": "Dia de Semana",
            "description": "Quinta-Feira do Tempo Comum",
            "color": "#2E8B57"
        }
    },
    {
        "date": "2026-06-19",
        "saint": {
            "name": "São Romualdo, abade",
            "type": "Memória facultativa",
            "description": "Sexta-Feira do Tempo Comum",
            "color": "#FFFFFF"
        }
    },
    {
        "date": "2026-06-20",
        "saint": {
            "name": "Nossa Senhora no Sábado",
            "type": "Memória facultativa",
            "description": "Sábado do Tempo Comum",
            "color": "#FFFFFF"
        }
    },
    {
        "date": "2026-06-21",
        "saint": {
            "name": "Domingo XII do Tempo Comum",
            "type": "Dia de Semana",
            "description": "Domingo do Tempo Comum",
            "color": "#2E8B57"
        }
    },
    {
        "date": "2026-06-22",
        "saint": {
            "name": "Santos João Fisher, bispo, e Tomás Moro, mártires / São Paulino de Nola, bispo",
            "type": "Memória facultativa",
            "description": "Segunda-Feira do Tempo Comum",
            "color": "#FF4500"
        }
    },
    {
        "date": "2026-06-23",
        "saint": {
            "name": "Terça-Feira da Semana XII do Tempo Comum",
            "type": "Dia de Semana",
            "description": "Terça-Feira do Tempo Comum",
            "color": "#2E8B57"
        }
    },
    {
        "date": "2026-06-24",
        "saint": {
            "name": "Nascimento de São João Batista",
            "type": "Dia de Semana",
            "description": "Quarta-Feira do Tempo Comum",
            "color": "#2E8B57"
        }
    },
    {
        "date": "2026-06-25",
        "saint": {
            "name": "Quinta-Feira da Semana XII do Tempo Comum",
            "type": "Dia de Semana",
            "description": "Quinta-Feira do Tempo Comum",
            "color": "#2E8B57"
        }
    },
    {
        "date": "2026-06-26",
        "saint": {
            "name": "Sexta-Feira da Semana XII do Tempo Comum",
            "type": "Dia de Semana",
            "description": "Sexta-Feira do Tempo Comum",
            "color": "#2E8B57"
        }
    },
    {
        "date": "2026-06-27",
        "saint": {
            "name": "São Cirilo de Alexandria, bispo e doutor da Igreja / Nossa Senhora no Sábado",
            "type": "Memória facultativa",
            "description": "Sábado do Tempo Comum",
            "color": "#FFFFFF"
        }
    },
    {
        "date": "2026-06-28",
        "saint": {
            "name": "Domingo XIII do Tempo Comum",
            "type": "Dia de Semana",
            "description": "Domingo do Tempo Comum",
            "color": "#2E8B57"
        }
    },
    {
        "date": "2026-06-29",
        "saint": {
            "name": "Segunda-Feira da Semana XIII do Tempo Comum",
            "type": "Dia de Semana",
            "description": "Segunda-Feira do Tempo Comum",
            "color": "#2E8B57"
        }
    },
    {
        "date": "2026-06-30",
        "saint": {
            "name": "Primeiros Santos Mártires da Igreja de Roma",
            "type": "Memória facultativa",
            "description": "Terça-Feira do Tempo Comum",
            "color": "#FF4500"
        }
    },
    {
        "date": "2026-07-01",
        "saint": {
            "name": "Quarta-Feira da Semana XIII do Tempo Comum",
            "type": "Dia de Semana",
            "description": "Quarta-Feira do Tempo Comum",
            "color": "#2E8B57"
        }
    },
    {
        "date": "2026-07-02",
        "saint": {
            "name": "Quinta-Feira da Semana XIII do Tempo Comum",
            "type": "Dia de Semana",
            "description": "Quinta-Feira do Tempo Comum",
            "color": "#2E8B57"
        }
    },
    {
        "date": "2026-07-03",
        "saint": {
            "name": "São Tomé, apóstolo",
            "type": "Dia de Semana",
            "description": "Sexta-Feira do Tempo Comum",
            "color": "#2E8B57"
        }
    },
    {
        "date": "2026-07-04",
        "saint": {
            "name": "Santa Isabel de Portugal / Nossa Senhora no Sábado",
            "type": "Memória facultativa",
            "description": "Sábado do Tempo Comum",
            "color": "#FFFFFF"
        }
    },
    {
        "date": "2026-07-05",
        "saint": {
            "name": "Santos Pedro e Paulo, apóstolos",
            "type": "Dia de Semana",
            "description": "Domingo do Tempo Comum",
            "color": "#2E8B57"
        }
    },
    {
        "date": "2026-07-06",
        "saint": {
            "name": "Santa Maria Goretti, virgem e mártir",
            "type": "Memória facultativa",
            "description": "Segunda-Feira do Tempo Comum",
            "color": "#FF4500"
        }
    },
    {
        "date": "2026-07-07",
        "saint": {
            "name": "Terça-Feira da Semana XIV do Tempo Comum",
            "type": "Dia de Semana",
            "description": "Terça-Feira do Tempo Comum",
            "color": "#2E8B57"
        }
    },
    {
        "date": "2026-07-08",
        "saint": {
            "name": "Santos Agostinho Zao Rong, presbítero, e Companheiros, mártires",
            "type": "Memória facultativa",
            "description": "Quarta-Feira do Tempo Comum",
            "color": "#FF4500"
        }
    },
    {
        "date": "2026-07-09",
        "saint": {
            "name": "Santa Paulina do Coração Agonizante de Jesus, virgem",
            "type": "Dia de Semana",
            "description": "Quinta-Feira do Tempo Comum",
            "color": "#2E8B57"
        }
    },
    {
        "date": "2026-07-10",
        "saint": {
            "name": "Sexta-Feira da Semana XIV do Tempo Comum",
            "type": "Dia de Semana",
            "description": "Sexta-Feira do Tempo Comum",
            "color": "#2E8B57"
        }
    },
    {
        "date": "2026-07-11",
        "saint": {
            "name": "São Bento, abade",
            "type": "Dia de Semana",
            "description": "Sábado do Tempo Comum",
            "color": "#2E8B57"
        }
    },
    {
        "date": "2026-07-12",
        "saint": {
            "name": "Domingo XV do Tempo Comum",
            "type": "Dia de Semana",
            "description": "Domingo do Tempo Comum",
            "color": "#2E8B57"
        }
    },
    {
        "date": "2026-07-13",
        "saint": {
            "name": "Santo Henrique",
            "type": "Memória facultativa",
            "description": "Segunda-Feira do Tempo Comum",
            "color": "#FFFFFF"
        }
    },
    {
        "date": "2026-07-14",
        "saint": {
            "name": "São Camilo de Lellis, presbítero",
            "type": "Memória facultativa",
            "description": "Terça-Feira do Tempo Comum",
            "color": "#FFFFFF"
        }
    },
    {
        "date": "2026-07-15",
        "saint": {
            "name": "São Boaventura, bispo e doutor da Igreja",
            "type": "Dia de Semana",
            "description": "Quarta-Feira do Tempo Comum",
            "color": "#2E8B57"
        }
    },
    {
        "date": "2026-07-16",
        "saint": {
            "name": "Nossa Senhora do Carmo",
            "type": "Dia de Semana",
            "description": "Quinta-Feira do Tempo Comum",
            "color": "#2E8B57"
        }
    },
    {
        "date": "2026-07-17",
        "saint": {
            "name": "Beatos Inácio de Azevedo, presbítero, e companheiros, mártires",
            "type": "Dia de Semana",
            "description": "Sexta-Feira do Tempo Comum",
            "color": "#FF4500"
        }
    },
    {
        "date": "2026-07-18",
        "saint": {
            "name": "Nossa Senhora no Sábado",
            "type": "Memória facultativa",
            "description": "Sábado do Tempo Comum",
            "color": "#FFFFFF"
        }
    },
    {
        "date": "2026-07-19",
        "saint": {
            "name": "Domingo XVI do Tempo Comum",
            "type": "Dia de Semana",
            "description": "Domingo do Tempo Comum",
            "color": "#2E8B57"
        }
    },
    {
        "date": "2026-07-20",
        "saint": {
            "name": "Santo Apolinário, bispo e mártir",
            "type": "Memória facultativa",
            "description": "Segunda-Feira do Tempo Comum",
            "color": "#FF4500"
        }
    },
    {
        "date": "2026-07-21",
        "saint": {
            "name": "São Lourenço de Brindes, presbítero e doutor da Igreja",
            "type": "Memória facultativa",
            "description": "Terça-Feira do Tempo Comum",
            "color": "#FFFFFF"
        }
    },
    {
        "date": "2026-07-22",
        "saint": {
            "name": "Santa Maria Madalena",
            "type": "Dia de Semana",
            "description": "Quarta-Feira do Tempo Comum",
            "color": "#2E8B57"
        }
    },
    {
        "date": "2026-07-23",
        "saint": {
            "name": "Santa Brígida, religiosa",
            "type": "Memória facultativa",
            "description": "Quinta-Feira do Tempo Comum",
            "color": "#FFFFFF"
        }
    },
    {
        "date": "2026-07-24",
        "saint": {
            "name": "São Charbel Makhluf, presbítero",
            "type": "Memória facultativa",
            "description": "Sexta-Feira do Tempo Comum",
            "color": "#FFFFFF"
        }
    },
    {
        "date": "2026-07-25",
        "saint": {
            "name": "São Tiago, apóstolo",
            "type": "Dia de Semana",
            "description": "Sábado do Tempo Comum",
            "color": "#2E8B57"
        }
    },
    {
        "date": "2026-07-26",
        "saint": {
            "name": "Domingo XVII do Tempo Comum",
            "type": "Dia de Semana",
            "description": "Domingo do Tempo Comum",
            "color": "#2E8B57"
        }
    },
    {
        "date": "2026-07-27",
        "saint": {
            "name": "Segunda-Feira da Semana XVII do Tempo Comum",
            "type": "Dia de Semana",
            "description": "Segunda-Feira do Tempo Comum",
            "color": "#2E8B57"
        }
    },
    {
        "date": "2026-07-28",
        "saint": {
            "name": "Terça-Feira da Semana XVII do Tempo Comum",
            "type": "Dia de Semana",
            "description": "Terça-Feira do Tempo Comum",
            "color": "#2E8B57"
        }
    },
    {
        "date": "2026-07-29",
        "saint": {
            "name": "Santos Marta, Maria e Lázaro",
            "type": "Dia de Semana",
            "description": "Quarta-Feira do Tempo Comum",
            "color": "#2E8B57"
        }
    },
    {
        "date": "2026-07-30",
        "saint": {
            "name": "São Pedro Crisólogo, bispo e doutor da Igreja",
            "type": "Memória facultativa",
            "description": "Quinta-Feira do Tempo Comum",
            "color": "#FFFFFF"
        }
    },
    {
        "date": "2026-07-31",
        "saint": {
            "name": "Santo Inácio de Loiola, presbítero",
            "type": "Dia de Semana",
            "description": "Sexta-Feira do Tempo Comum",
            "color": "#2E8B57"
        }
    },
    {
        "date": "2026-08-01",
        "saint": {
            "name": "Santo Afonso de Ligório, bispo e doutor da Igreja",
            "type": "Dia de Semana",
            "description": "Sábado do Tempo Comum",
            "color": "#2E8B57"
        }
    },
    {
        "date": "2026-08-02",
        "saint": {
            "name": "Domingo XVIII do Tempo Comum",
            "type": "Dia de Semana",
            "description": "Domingo do Tempo Comum",
            "color": "#2E8B57"
        }
    },
    {
        "date": "2026-08-03",
        "saint": {
            "name": "Segunda-Feira da Semana XVIII do Tempo Comum",
            "type": "Dia de Semana",
            "description": "Segunda-Feira do Tempo Comum",
            "color": "#2E8B57"
        }
    },
    {
        "date": "2026-08-04",
        "saint": {
            "name": "São João Maria Vianney, presbítero",
            "type": "Dia de Semana",
            "description": "Terça-Feira do Tempo Comum",
            "color": "#2E8B57"
        }
    },
    {
        "date": "2026-08-05",
        "saint": {
            "name": "Dedicação da Basílica de Santa Maria Maior",
            "type": "Memória facultativa",
            "description": "Quarta-Feira do Tempo Comum",
            "color": "#FFFFFF"
        }
    },
    {
        "date": "2026-08-06",
        "saint": {
            "name": "Transfiguração do Senhor",
            "type": "Dia de Semana",
            "description": "Quinta-Feira do Tempo Comum",
            "color": "#2E8B57"
        }
    },
    {
        "date": "2026-08-07",
        "saint": {
            "name": "Santos Sixto II, papa, e Compañeros, mártires / São Caetano, presbítero",
            "type": "Memória facultativa",
            "description": "Sexta-Feira do Tempo Comum",
            "color": "#FF4500"
        }
    },
    {
        "date": "2026-08-08",
        "saint": {
            "name": "São Domingos, presbítero",
            "type": "Dia de Semana",
            "description": "Sábado do Tempo Comum",
            "color": "#2E8B57"
        }
    },
    {
        "date": "2026-08-09",
        "saint": {
            "name": "Domingo XIX do Tempo Comum",
            "type": "Dia de Semana",
            "description": "Domingo do Tempo Comum",
            "color": "#2E8B57"
        }
    },
    {
        "date": "2026-08-10",
        "saint": {
            "name": "São Lourenço, diácono e mártir",
            "type": "Dia de Semana",
            "description": "Segunda-Feira do Tempo Comum",
            "color": "#FF4500"
        }
    },
    {
        "date": "2026-08-11",
        "saint": {
            "name": "Santa Clara, virgem",
            "type": "Dia de Semana",
            "description": "Terça-Feira do Tempo Comum",
            "color": "#2E8B57"
        }
    },
    {
        "date": "2026-08-12",
        "saint": {
            "name": "Santa Joana Francisca de Chantal, religiosa",
            "type": "Memória facultativa",
            "description": "Quarta-Feira do Tempo Comum",
            "color": "#FFFFFF"
        }
    },
    {
        "date": "2026-08-13",
        "saint": {
            "name": "Santa Dulce Lopes Pontes, virgem",
            "type": "Dia de Semana",
            "description": "Quinta-Feira do Tempo Comum",
            "color": "#2E8B57"
        }
    },
    {
        "date": "2026-08-14",
        "saint": {
            "name": "São Maximiliano Maria Kolbe, presbitero e mártir",
            "type": "Dia de Semana",
            "description": "Sexta-Feira do Tempo Comum",
            "color": "#FF4500"
        }
    },
    {
        "date": "2026-08-15",
        "saint": {
            "name": "Nossa Senhora no Sábado",
            "type": "Memória facultativa",
            "description": "Sábado do Tempo Comum",
            "color": "#FFFFFF"
        }
    },
    {
        "date": "2026-08-16",
        "saint": {
            "name": "Assunção da Nossa Senhora",
            "type": "Dia de Semana",
            "description": "Domingo do Tempo Comum",
            "color": "#2E8B57"
        }
    },
    {
        "date": "2026-08-17",
        "saint": {
            "name": "Segunda-Feira da Semana XX do Tempo Comum",
            "type": "Dia de Semana",
            "description": "Segunda-Feira do Tempo Comum",
            "color": "#2E8B57"
        }
    },
    {
        "date": "2026-08-18",
        "saint": {
            "name": "Terça-Feira da Semana XX do Tempo Comum",
            "type": "Dia de Semana",
            "description": "Terça-Feira do Tempo Comum",
            "color": "#2E8B57"
        }
    },
    {
        "date": "2026-08-19",
        "saint": {
            "name": "São João Eudes, presbítero",
            "type": "Memória facultativa",
            "description": "Quarta-Feira do Tempo Comum",
            "color": "#FFFFFF"
        }
    },
    {
        "date": "2026-08-20",
        "saint": {
            "name": "São Bernardo, abade e doutor da Igreja",
            "type": "Dia de Semana",
            "description": "Quinta-Feira do Tempo Comum",
            "color": "#2E8B57"
        }
    },
    {
        "date": "2026-08-21",
        "saint": {
            "name": "São Pio X, papa",
            "type": "Dia de Semana",
            "description": "Sexta-Feira do Tempo Comum",
            "color": "#2E8B57"
        }
    },
    {
        "date": "2026-08-22",
        "saint": {
            "name": "Virgem Santa Maria, Rainha",
            "type": "Dia de Semana",
            "description": "Sábado do Tempo Comum",
            "color": "#2E8B57"
        }
    },
    {
        "date": "2026-08-23",
        "saint": {
            "name": "Domingo XXI do Tempo Comum",
            "type": "Dia de Semana",
            "description": "Domingo do Tempo Comum",
            "color": "#2E8B57"
        }
    },
    {
        "date": "2026-08-24",
        "saint": {
            "name": "São Bartolomeu, apóstolo",
            "type": "Dia de Semana",
            "description": "Segunda-Feira do Tempo Comum",
            "color": "#2E8B57"
        }
    },
    {
        "date": "2026-08-25",
        "saint": {
            "name": "São José de Calasanz, presbítero / São Luis de França",
            "type": "Memória facultativa",
            "description": "Terça-Feira do Tempo Comum",
            "color": "#FFFFFF"
        }
    },
    {
        "date": "2026-08-26",
        "saint": {
            "name": "Quarta-Feira da Semana XXI do Tempo Comum",
            "type": "Dia de Semana",
            "description": "Quarta-Feira do Tempo Comum",
            "color": "#2E8B57"
        }
    },
    {
        "date": "2026-08-27",
        "saint": {
            "name": "Santa Mónica",
            "type": "Dia de Semana",
            "description": "Quinta-Feira do Tempo Comum",
            "color": "#2E8B57"
        }
    },
    {
        "date": "2026-08-28",
        "saint": {
            "name": "Santo Agostinho, bispo e doutor da Igreja",
            "type": "Dia de Semana",
            "description": "Sexta-Feira do Tempo Comum",
            "color": "#2E8B57"
        }
    },
    {
        "date": "2026-08-29",
        "saint": {
            "name": "Martírio de São João Batista",
            "type": "Dia de Semana",
            "description": "Sábado do Tempo Comum",
            "color": "#2E8B57"
        }
    },
    {
        "date": "2026-08-30",
        "saint": {
            "name": "Domingo XXII do Tempo Comum",
            "type": "Dia de Semana",
            "description": "Domingo do Tempo Comum",
            "color": "#2E8B57"
        }
    },
    {
        "date": "2026-08-31",
        "saint": {
            "name": "Segunda-Feira da Semana XXII do Tempo Comum",
            "type": "Dia de Semana",
            "description": "Segunda-Feira do Tempo Comum",
            "color": "#2E8B57"
        }
    },
    {
        "date": "2026-09-01",
        "saint": {
            "name": "Terça-Feira da Semana XXII do Tempo Comum",
            "type": "Dia de Semana",
            "description": "Terça-Feira do Tempo Comum",
            "color": "#2E8B57"
        }
    },
    {
        "date": "2026-09-02",
        "saint": {
            "name": "Quarta-Feira da Semana XXII do Tempo Comum",
            "type": "Dia de Semana",
            "description": "Quarta-Feira do Tempo Comum",
            "color": "#2E8B57"
        }
    },
    {
        "date": "2026-09-03",
        "saint": {
            "name": "São Gregorio Magno, papa e doutor da Igreja",
            "type": "Dia de Semana",
            "description": "Quinta-Feira do Tempo Comum",
            "color": "#2E8B57"
        }
    },
    {
        "date": "2026-09-04",
        "saint": {
            "name": "Sexta-Feira da Semana XXII do Tempo Comum",
            "type": "Dia de Semana",
            "description": "Sexta-Feira do Tempo Comum",
            "color": "#2E8B57"
        }
    },
    {
        "date": "2026-09-05",
        "saint": {
            "name": "Santa Teresa de Calcutá, virgem / Nossa Senhora no Sábado",
            "type": "Memória facultativa",
            "description": "Sábado do Tempo Comum",
            "color": "#FFFFFF"
        }
    },
    {
        "date": "2026-09-06",
        "saint": {
            "name": "Domingo XXIII do Tempo Comum",
            "type": "Dia de Semana",
            "description": "Domingo do Tempo Comum",
            "color": "#2E8B57"
        }
    },
    {
        "date": "2026-09-07",
        "saint": {
            "name": "Segunda-Feira da Semana XXIII do Tempo Comum",
            "type": "Dia de Semana",
            "description": "Segunda-Feira do Tempo Comum",
            "color": "#2E8B57"
        }
    },
    {
        "date": "2026-09-08",
        "saint": {
            "name": "Natividade da Virgem Santa Maria",
            "type": "Dia de Semana",
            "description": "Terça-Feira do Tempo Comum",
            "color": "#2E8B57"
        }
    },
    {
        "date": "2026-09-09",
        "saint": {
            "name": "São Pedro Claver, presbítero",
            "type": "Memória facultativa",
            "description": "Quarta-Feira do Tempo Comum",
            "color": "#FFFFFF"
        }
    },
    {
        "date": "2026-09-10",
        "saint": {
            "name": "Quinta-Feira da Semana XXIII do Tempo Comum",
            "type": "Dia de Semana",
            "description": "Quinta-Feira do Tempo Comum",
            "color": "#2E8B57"
        }
    },
    {
        "date": "2026-09-11",
        "saint": {
            "name": "Sexta-Feira da Semana XXIII do Tempo Comum",
            "type": "Dia de Semana",
            "description": "Sexta-Feira do Tempo Comum",
            "color": "#2E8B57"
        }
    },
    {
        "date": "2026-09-12",
        "saint": {
            "name": "Santíssimo Nome de Maria",
            "type": "Memória facultativa",
            "description": "Sábado do Tempo Comum",
            "color": "#FFFFFF"
        }
    },
    {
        "date": "2026-09-13",
        "saint": {
            "name": "Domingo XXIV do Tempo Comum",
            "type": "Dia de Semana",
            "description": "Domingo do Tempo Comum",
            "color": "#2E8B57"
        }
    },
    {
        "date": "2026-09-14",
        "saint": {
            "name": "Exaltação da Santa Cruz",
            "type": "Dia de Semana",
            "description": "Segunda-Feira do Tempo Comum",
            "color": "#2E8B57"
        }
    },
    {
        "date": "2026-09-15",
        "saint": {
            "name": "Nossa Senhora das Dores",
            "type": "Dia de Semana",
            "description": "Terça-Feira do Tempo Comum",
            "color": "#2E8B57"
        }
    },
    {
        "date": "2026-09-16",
        "saint": {
            "name": "Santos Cornélio, papa, e Cipriano, bispo, mártires",
            "type": "Dia de Semana",
            "description": "Quarta-Feira do Tempo Comum",
            "color": "#FF4500"
        }
    },
    {
        "date": "2026-09-17",
        "saint": {
            "name": "Santa Hildegarda de Bingen, virgem e doutora da Igreja / São Roberto Belarmino, bispo e doutor da Igreja",
            "type": "Memória facultativa",
            "description": "Quinta-Feira do Tempo Comum",
            "color": "#FFFFFF"
        }
    },
    {
        "date": "2026-09-18",
        "saint": {
            "name": "Sexta-Feira da Semana XXIV do Tempo Comum",
            "type": "Dia de Semana",
            "description": "Sexta-Feira do Tempo Comum",
            "color": "#2E8B57"
        }
    },
    {
        "date": "2026-09-19",
        "saint": {
            "name": "São Januário, bispo e mártir / Nossa Senhora no Sábado",
            "type": "Memória facultativa",
            "description": "Sábado do Tempo Comum",
            "color": "#FF4500"
        }
    },
    {
        "date": "2026-09-20",
        "saint": {
            "name": "Domingo XXV do Tempo Comum",
            "type": "Dia de Semana",
            "description": "Domingo do Tempo Comum",
            "color": "#2E8B57"
        }
    },
    {
        "date": "2026-09-21",
        "saint": {
            "name": "São Mateus, apóstolo e evangelista",
            "type": "Dia de Semana",
            "description": "Segunda-Feira do Tempo Comum",
            "color": "#2E8B57"
        }
    },
    {
        "date": "2026-09-22",
        "saint": {
            "name": "Terça-Feira da Semana XXV do Tempo Comum",
            "type": "Dia de Semana",
            "description": "Terça-Feira do Tempo Comum",
            "color": "#2E8B57"
        }
    },
    {
        "date": "2026-09-23",
        "saint": {
            "name": "São Pio de Pietrelcina, presbítero",
            "type": "Dia de Semana",
            "description": "Quarta-Feira do Tempo Comum",
            "color": "#2E8B57"
        }
    },
    {
        "date": "2026-09-24",
        "saint": {
            "name": "Quinta-Feira da Semana XXV do Tempo Comum",
            "type": "Dia de Semana",
            "description": "Quinta-Feira do Tempo Comum",
            "color": "#2E8B57"
        }
    },
    {
        "date": "2026-09-25",
        "saint": {
            "name": "Sexta-Feira da Semana XXV do Tempo Comum",
            "type": "Dia de Semana",
            "description": "Sexta-Feira do Tempo Comum",
            "color": "#2E8B57"
        }
    },
    {
        "date": "2026-09-26",
        "saint": {
            "name": "Santos Cosme e Damião, mártires / Nossa Senhora no Sábado",
            "type": "Memória facultativa",
            "description": "Sábado do Tempo Comum",
            "color": "#FF4500"
        }
    },
    {
        "date": "2026-09-27",
        "saint": {
            "name": "Domingo XXVI do Tempo Comum",
            "type": "Dia de Semana",
            "description": "Domingo do Tempo Comum",
            "color": "#2E8B57"
        }
    },
    {
        "date": "2026-09-28",
        "saint": {
            "name": "Santos Lourenço Ruiz e Companheiros, mártires / São Venceslau, mártir",
            "type": "Memória facultativa",
            "description": "Segunda-Feira do Tempo Comum",
            "color": "#FF4500"
        }
    },
    {
        "date": "2026-09-29",
        "saint": {
            "name": "Santos Miguel, Gabriel e Rafael, Arcanjos",
            "type": "Dia de Semana",
            "description": "Terça-Feira do Tempo Comum",
            "color": "#2E8B57"
        }
    },
    {
        "date": "2026-09-30",
        "saint": {
            "name": "São Jerônimo, presbítero e doutor da Igreja",
            "type": "Dia de Semana",
            "description": "Quarta-Feira do Tempo Comum",
            "color": "#2E8B57"
        }
    },
    {
        "date": "2026-10-01",
        "saint": {
            "name": "Santa Teresa do Menino Jesus, virgem e doutor da Igreja",
            "type": "Dia de Semana",
            "description": "Quinta-Feira do Tempo Comum",
            "color": "#2E8B57"
        }
    },
    {
        "date": "2026-10-02",
        "saint": {
            "name": "Santos Anjos da Guarda",
            "type": "Dia de Semana",
            "description": "Sexta-Feira do Tempo Comum",
            "color": "#2E8B57"
        }
    },
    {
        "date": "2026-10-03",
        "saint": {
            "name": "Santos André de Soveral, Ambrósio Francisco Ferro, presbíteros, e Companheiros, mártires",
            "type": "Dia de Semana",
            "description": "Sábado do Tempo Comum",
            "color": "#FF4500"
        }
    },
    {
        "date": "2026-10-04",
        "saint": {
            "name": "Domingo XXVII do Tempo Comum",
            "type": "Dia de Semana",
            "description": "Domingo do Tempo Comum",
            "color": "#2E8B57"
        }
    },
    {
        "date": "2026-10-05",
        "saint": {
            "name": "Santa Faustina Kowalska, virgem / São Benedito, religioso",
            "type": "Memória facultativa",
            "description": "Segunda-Feira do Tempo Comum",
            "color": "#FFFFFF"
        }
    },
    {
        "date": "2026-10-06",
        "saint": {
            "name": "São Bruno, presbítero",
            "type": "Memória facultativa",
            "description": "Terça-Feira do Tempo Comum",
            "color": "#FFFFFF"
        }
    },
    {
        "date": "2026-10-07",
        "saint": {
            "name": "Nossa Senhora do Rosário",
            "type": "Dia de Semana",
            "description": "Quarta-Feira do Tempo Comum",
            "color": "#2E8B57"
        }
    },
    {
        "date": "2026-10-08",
        "saint": {
            "name": "Quinta-Feira da Semana XXVII do Tempo Comum",
            "type": "Dia de Semana",
            "description": "Quinta-Feira do Tempo Comum",
            "color": "#2E8B57"
        }
    },
    {
        "date": "2026-10-09",
        "saint": {
            "name": "Santos Dionísio, bispo, e Companheiros, mártires / São João Leonardo, presbítero",
            "type": "Memória facultativa",
            "description": "Sexta-Feira do Tempo Comum",
            "color": "#FF4500"
        }
    },
    {
        "date": "2026-10-10",
        "saint": {
            "name": "Nossa Senhora no Sábado",
            "type": "Memória facultativa",
            "description": "Sábado do Tempo Comum",
            "color": "#FFFFFF"
        }
    },
    {
        "date": "2026-10-11",
        "saint": {
            "name": "Domingo XXVIII do Tempo Comum",
            "type": "Dia de Semana",
            "description": "Domingo do Tempo Comum",
            "color": "#2E8B57"
        }
    },
    {
        "date": "2026-10-12",
        "saint": {
            "name": "Nossa Senhora da Conceição Aparecida",
            "type": "Dia de Semana",
            "description": "Segunda-Feira do Tempo Comum",
            "color": "#2E8B57"
        }
    },
    {
        "date": "2026-10-13",
        "saint": {
            "name": "Terça-Feira da Semana XXVIII do Tempo Comum",
            "type": "Dia de Semana",
            "description": "Terça-Feira do Tempo Comum",
            "color": "#2E8B57"
        }
    },
    {
        "date": "2026-10-14",
        "saint": {
            "name": "São Calixto I, papa e mártir",
            "type": "Memória facultativa",
            "description": "Quarta-Feira do Tempo Comum",
            "color": "#FF4500"
        }
    },
    {
        "date": "2026-10-15",
        "saint": {
            "name": "Santa Teresa de Jesus, virgem e doutor da Igreja",
            "type": "Dia de Semana",
            "description": "Quinta-Feira do Tempo Comum",
            "color": "#2E8B57"
        }
    },
    {
        "date": "2026-10-16",
        "saint": {
            "name": "Santa Edviges, religiosa / Santa Margarida Maria Alacoque, virgem",
            "type": "Memória facultativa",
            "description": "Sexta-Feira do Tempo Comum",
            "color": "#FFFFFF"
        }
    },
    {
        "date": "2026-10-17",
        "saint": {
            "name": "Santo Inácio de Antioquia, bispo e mártir",
            "type": "Dia de Semana",
            "description": "Sábado do Tempo Comum",
            "color": "#FF4500"
        }
    },
    {
        "date": "2026-10-18",
        "saint": {
            "name": "Domingo XXIX do Tempo Comum",
            "type": "Dia de Semana",
            "description": "Domingo do Tempo Comum",
            "color": "#2E8B57"
        }
    },
    {
        "date": "2026-10-19",
        "saint": {
            "name": "Santos João de Brébeuf, Isaac Jogues, presbíteros, e Companheiros, mártires / São Paulo da Cruz, presbítero / São Pedro de Alcântara, presbítero",
            "type": "Memória facultativa",
            "description": "Segunda-Feira do Tempo Comum",
            "color": "#FF4500"
        }
    },
    {
        "date": "2026-10-20",
        "saint": {
            "name": "Terça-Feira da Semana XXIX do Tempo Comum",
            "type": "Dia de Semana",
            "description": "Terça-Feira do Tempo Comum",
            "color": "#2E8B57"
        }
    },
    {
        "date": "2026-10-21",
        "saint": {
            "name": "Quarta-Feira da Semana XXIX do Tempo Comum",
            "type": "Dia de Semana",
            "description": "Quarta-Feira do Tempo Comum",
            "color": "#2E8B57"
        }
    },
    {
        "date": "2026-10-22",
        "saint": {
            "name": "São João Paulo II, papa",
            "type": "Memória facultativa",
            "description": "Quinta-Feira do Tempo Comum",
            "color": "#FFFFFF"
        }
    },
    {
        "date": "2026-10-23",
        "saint": {
            "name": "São João de Capistrano, presbítero",
            "type": "Memória facultativa",
            "description": "Sexta-Feira do Tempo Comum",
            "color": "#FFFFFF"
        }
    },
    {
        "date": "2026-10-24",
        "saint": {
            "name": "Santo Antônio Maria Claret, bispo / Nossa Senhora no Sábado",
            "type": "Memória facultativa",
            "description": "Sábado do Tempo Comum",
            "color": "#FFFFFF"
        }
    },
    {
        "date": "2026-10-25",
        "saint": {
            "name": "Domingo XXX do Tempo Comum",
            "type": "Dia de Semana",
            "description": "Domingo do Tempo Comum",
            "color": "#2E8B57"
        }
    },
    {
        "date": "2026-10-26",
        "saint": {
            "name": "Segunda-Feira da Semana XXX do Tempo Comum",
            "type": "Dia de Semana",
            "description": "Segunda-Feira do Tempo Comum",
            "color": "#2E8B57"
        }
    },
    {
        "date": "2026-10-27",
        "saint": {
            "name": "Terça-Feira da Semana XXX do Tempo Comum",
            "type": "Dia de Semana",
            "description": "Terça-Feira do Tempo Comum",
            "color": "#2E8B57"
        }
    },
    {
        "date": "2026-10-28",
        "saint": {
            "name": "Santos Simão e Judas Tadeu, apóstolos",
            "type": "Dia de Semana",
            "description": "Quarta-Feira do Tempo Comum",
            "color": "#2E8B57"
        }
    },
    {
        "date": "2026-10-29",
        "saint": {
            "name": "Quinta-Feira da Semana XXX do Tempo Comum",
            "type": "Dia de Semana",
            "description": "Quinta-Feira do Tempo Comum",
            "color": "#2E8B57"
        }
    },
    {
        "date": "2026-10-30",
        "saint": {
            "name": "Sexta-Feira da Semana XXX do Tempo Comum",
            "type": "Dia de Semana",
            "description": "Sexta-Feira do Tempo Comum",
            "color": "#2E8B57"
        }
    },
    {
        "date": "2026-10-31",
        "saint": {
            "name": "Nossa Senhora no Sábado",
            "type": "Memória facultativa",
            "description": "Sábado do Tempo Comum",
            "color": "#FFFFFF"
        }
    },
    {
        "date": "2026-11-01",
        "saint": {
            "name": "Todos os Santos",
            "type": "Dia de Semana",
            "description": "Domingo do Tempo Comum",
            "color": "#2E8B57"
        }
    },
    {
        "date": "2026-11-02",
        "saint": {
            "name": "Comemoração de Todos os Fiéis Defuntos",
            "type": "Dia de Semana",
            "description": "Segunda-Feira do Tempo Comum",
            "color": "#2E8B57"
        }
    },
    {
        "date": "2026-11-03",
        "saint": {
            "name": "São Martinho de Lima, religioso",
            "type": "Memória facultativa",
            "description": "Terça-Feira do Tempo Comum",
            "color": "#FFFFFF"
        }
    },
    {
        "date": "2026-11-04",
        "saint": {
            "name": "São Carlos Borromeu, bispo",
            "type": "Dia de Semana",
            "description": "Quarta-Feira do Tempo Comum",
            "color": "#2E8B57"
        }
    },
    {
        "date": "2026-11-05",
        "saint": {
            "name": "Quinta-Feira da Semana XXXI do Tempo Comum",
            "type": "Dia de Semana",
            "description": "Quinta-Feira do Tempo Comum",
            "color": "#2E8B57"
        }
    },
    {
        "date": "2026-11-06",
        "saint": {
            "name": "Sexta-Feira da Semana XXXI do Tempo Comum",
            "type": "Dia de Semana",
            "description": "Sexta-Feira do Tempo Comum",
            "color": "#2E8B57"
        }
    },
    {
        "date": "2026-11-07",
        "saint": {
            "name": "Nossa Senhora no Sábado",
            "type": "Memória facultativa",
            "description": "Sábado do Tempo Comum",
            "color": "#FFFFFF"
        }
    },
    {
        "date": "2026-11-08",
        "saint": {
            "name": "Domingo XXXII do Tempo Comum",
            "type": "Dia de Semana",
            "description": "Domingo do Tempo Comum",
            "color": "#2E8B57"
        }
    },
    {
        "date": "2026-11-09",
        "saint": {
            "name": "Dedicação da Basílica de Latrão",
            "type": "Dia de Semana",
            "description": "Segunda-Feira do Tempo Comum",
            "color": "#2E8B57"
        }
    },
    {
        "date": "2026-11-10",
        "saint": {
            "name": "São Leão Magno, papa e doutor da Igreja",
            "type": "Dia de Semana",
            "description": "Terça-Feira do Tempo Comum",
            "color": "#2E8B57"
        }
    },
    {
        "date": "2026-11-11",
        "saint": {
            "name": "São Martinho de Tours, bispo",
            "type": "Dia de Semana",
            "description": "Quarta-Feira do Tempo Comum",
            "color": "#2E8B57"
        }
    },
    {
        "date": "2026-11-12",
        "saint": {
            "name": "São Josafá, bispo e mártir",
            "type": "Dia de Semana",
            "description": "Quinta-Feira do Tempo Comum",
            "color": "#FF4500"
        }
    },
    {
        "date": "2026-11-13",
        "saint": {
            "name": "Sexta-Feira da Semana XXXII do Tempo Comum",
            "type": "Dia de Semana",
            "description": "Sexta-Feira do Tempo Comum",
            "color": "#2E8B57"
        }
    },
    {
        "date": "2026-11-14",
        "saint": {
            "name": "Nossa Senhora no Sábado",
            "type": "Memória facultativa",
            "description": "Sábado do Tempo Comum",
            "color": "#FFFFFF"
        }
    },
    {
        "date": "2026-11-15",
        "saint": {
            "name": "Domingo XXXIII do Tempo Comum",
            "type": "Dia de Semana",
            "description": "Domingo do Tempo Comum",
            "color": "#2E8B57"
        }
    },
    {
        "date": "2026-11-16",
        "saint": {
            "name": "Santa Gertrudes, virgem / Santa Margarida da Escócia",
            "type": "Memória facultativa",
            "description": "Segunda-Feira do Tempo Comum",
            "color": "#FFFFFF"
        }
    },
    {
        "date": "2026-11-17",
        "saint": {
            "name": "Santa Isabel da Hungría, religiosa",
            "type": "Dia de Semana",
            "description": "Terça-Feira do Tempo Comum",
            "color": "#2E8B57"
        }
    },
    {
        "date": "2026-11-18",
        "saint": {
            "name": "Dedicação das Basílicas dos Santos Pedro e Paulo, apóstolos",
            "type": "Memória facultativa",
            "description": "Quarta-Feira do Tempo Comum",
            "color": "#FFFFFF"
        }
    },
    {
        "date": "2026-11-19",
        "saint": {
            "name": "Santos Roque González, Afonso Rodríguez e João del Castillo, presbíteros e mártires",
            "type": "Dia de Semana",
            "description": "Quinta-Feira do Tempo Comum",
            "color": "#FF4500"
        }
    },
    {
        "date": "2026-11-20",
        "saint": {
            "name": "Sexta-Feira da Semana XXXIII do Tempo Comum",
            "type": "Dia de Semana",
            "description": "Sexta-Feira do Tempo Comum",
            "color": "#2E8B57"
        }
    },
    {
        "date": "2026-11-21",
        "saint": {
            "name": "Apresentação de Nossa Senhora",
            "type": "Dia de Semana",
            "description": "Sábado do Tempo Comum",
            "color": "#2E8B57"
        }
    },
    {
        "date": "2026-11-22",
        "saint": {
            "name": "Nosso Senhor Jesus Cristo, Rei do Universo",
            "type": "Dia de Semana",
            "description": "Domingo do Tempo Comum",
            "color": "#2E8B57"
        }
    },
    {
        "date": "2026-11-23",
        "saint": {
            "name": "São Clemente I, papa e mártir / São Columbano, abade",
            "type": "Memória facultativa",
            "description": "Segunda-Feira do Tempo Comum",
            "color": "#FF4500"
        }
    },
    {
        "date": "2026-11-24",
        "saint": {
            "name": "Santos André Dũng Lạc, presbítero, e Companheiros, mártires",
            "type": "Dia de Semana",
            "description": "Terça-Feira do Tempo Comum",
            "color": "#FF4500"
        }
    },
    {
        "date": "2026-11-25",
        "saint": {
            "name": "Santa Catarina de Alexandria, virgem e mártir",
            "type": "Memória facultativa",
            "description": "Quarta-Feira do Tempo Comum",
            "color": "#FF4500"
        }
    },
    {
        "date": "2026-11-26",
        "saint": {
            "name": "Quinta-Feira da Semana XXXIV do Tempo Comum",
            "type": "Dia de Semana",
            "description": "Quinta-Feira do Tempo Comum",
            "color": "#2E8B57"
        }
    },
    {
        "date": "2026-11-27",
        "saint": {
            "name": "Sexta-Feira da Semana XXXIV do Tempo Comum",
            "type": "Dia de Semana",
            "description": "Sexta-Feira do Tempo Comum",
            "color": "#2E8B57"
        }
    },
    {
        "date": "2026-11-28",
        "saint": {
            "name": "Nossa Senhora no Sábado",
            "type": "Memória facultativa",
            "description": "Sábado do Tempo Comum",
            "color": "#FFFFFF"
        }
    },
    {
        "date": "2026-11-29",
        "saint": {
            "name": "Domingo I do Advento",
            "type": "Dia de Semana",
            "description": "Domingo do Advento",
            "color": "#9370DB"
        }
    },
    {
        "date": "2026-11-30",
        "saint": {
            "name": "Santo André, apóstolo",
            "type": "Dia de Semana",
            "description": "Segunda-Feira do Advento",
            "color": "#9370DB"
        }
    },
    {
        "date": "2026-12-01",
        "saint": {
            "name": "Terça-Feira da Semana I do Advento",
            "type": "Dia de Semana",
            "description": "Terça-Feira do Advento",
            "color": "#9370DB"
        }
    },
    {
        "date": "2026-12-02",
        "saint": {
            "name": "Quarta-Feira da Semana I do Advento",
            "type": "Dia de Semana",
            "description": "Quarta-Feira do Advento",
            "color": "#9370DB"
        }
    },
    {
        "date": "2026-12-03",
        "saint": {
            "name": "São Francisco Xavier, presbítero",
            "type": "Dia de Semana",
            "description": "Quinta-Feira do Advento",
            "color": "#9370DB"
        }
    },
    {
        "date": "2026-12-04",
        "saint": {
            "name": "São João Damasceno, presbítero e doutor da Igreja",
            "type": "Memória facultativa",
            "description": "Sexta-Feira do Advento",
            "color": "#FFFFFF"
        }
    },
    {
        "date": "2026-12-05",
        "saint": {
            "name": "Sábado da Semana I do Advento",
            "type": "Dia de Semana",
            "description": "Sábado do Advento",
            "color": "#9370DB"
        }
    },
    {
        "date": "2026-12-06",
        "saint": {
            "name": "Domingo II do Advento",
            "type": "Dia de Semana",
            "description": "Domingo do Advento",
            "color": "#9370DB"
        }
    },
    {
        "date": "2026-12-07",
        "saint": {
            "name": "Santo Ambrósio, bispo e doutor da Igreja",
            "type": "Dia de Semana",
            "description": "Segunda-Feira do Advento",
            "color": "#9370DB"
        }
    },
    {
        "date": "2026-12-08",
        "saint": {
            "name": "Imaculada Conceição de Nossa Senhora",
            "type": "Dia de Semana",
            "description": "Terça-Feira do Advento",
            "color": "#9370DB"
        }
    },
    {
        "date": "2026-12-09",
        "saint": {
            "name": "São João Diego",
            "type": "Memória facultativa",
            "description": "Quarta-Feira do Advento",
            "color": "#FFFFFF"
        }
    },
    {
        "date": "2026-12-10",
        "saint": {
            "name": "Nossa Senhora de Loreto",
            "type": "Memória facultativa",
            "description": "Quinta-Feira do Advento",
            "color": "#FFFFFF"
        }
    },
    {
        "date": "2026-12-11",
        "saint": {
            "name": "São Dâmaso I, papa",
            "type": "Memória facultativa",
            "description": "Sexta-Feira do Advento",
            "color": "#FFFFFF"
        }
    },
    {
        "date": "2026-12-12",
        "saint": {
            "name": "Nossa Senhora de Guadalupe",
            "type": "Dia de Semana",
            "description": "Sábado do Advento",
            "color": "#9370DB"
        }
    },
    {
        "date": "2026-12-13",
        "saint": {
            "name": "Domingo III do Advento",
            "type": "Dia de Semana",
            "description": "Domingo do Advento",
            "color": "#9370DB"
        }
    },
    {
        "date": "2026-12-14",
        "saint": {
            "name": "São João da Cruz, presbítero e doutor da Igreja",
            "type": "Dia de Semana",
            "description": "Segunda-Feira do Advento",
            "color": "#9370DB"
        }
    },
    {
        "date": "2026-12-15",
        "saint": {
            "name": "Terça-Feira da Semana III do Advento",
            "type": "Dia de Semana",
            "description": "Terça-Feira do Advento",
            "color": "#9370DB"
        }
    },
    {
        "date": "2026-12-16",
        "saint": {
            "name": "Quarta-Feira da Semana III do Advento",
            "type": "Dia de Semana",
            "description": "Quarta-Feira do Advento",
            "color": "#9370DB"
        }
    },
    {
        "date": "2026-12-17",
        "saint": {
            "name": "Féria do Advento (Dezembro 17)",
            "type": "Dia de Semana",
            "description": "Quinta-Feira do Advento",
            "color": "#9370DB"
        }
    },
    {
        "date": "2026-12-18",
        "saint": {
            "name": "Féria do Advento (Dezembro 18)",
            "type": "Dia de Semana",
            "description": "Sexta-Feira do Advento",
            "color": "#9370DB"
        }
    },
    {
        "date": "2026-12-19",
        "saint": {
            "name": "Féria do Advento (Dezembro 19)",
            "type": "Dia de Semana",
            "description": "Sábado do Advento",
            "color": "#9370DB"
        }
    },
    {
        "date": "2026-12-20",
        "saint": {
            "name": "Domingo IV do Advento",
            "type": "Dia de Semana",
            "description": "Domingo do Advento",
            "color": "#9370DB"
        }
    },
    {
        "date": "2026-12-21",
        "saint": {
            "name": "São Pedro Canísio, presbítero e doutor da Igreja",
            "type": "Comemoração",
            "description": "Segunda-Feira do Advento",
            "color": "#9370DB"
        }
    },
    {
        "date": "2026-12-22",
        "saint": {
            "name": "Féria do Advento (Dezembro 22)",
            "type": "Dia de Semana",
            "description": "Terça-Feira do Advento",
            "color": "#9370DB"
        }
    },
    {
        "date": "2026-12-23",
        "saint": {
            "name": "São João de Quenty, presbítero",
            "type": "Comemoração",
            "description": "Quarta-Feira do Advento",
            "color": "#9370DB"
        }
    },
    {
        "date": "2026-12-24",
        "saint": {
            "name": "Féria do Advento (Dezembro 24)",
            "type": "Dia de Semana",
            "description": "Quinta-Feira do Advento",
            "color": "#9370DB"
        }
    },
    {
        "date": "2026-12-25",
        "saint": {
            "name": "Natal do Senhor",
            "type": "Dia de Semana",
            "description": "Sexta-Feira do Tempo do Natal",
            "color": "#FFFFFF"
        }
    },
    {
        "date": "2026-12-26",
        "saint": {
            "name": "Santo Estêvão, primeiro mártir",
            "type": "Dia de Semana",
            "description": "Sábado do Tempo do Natal",
            "color": "#FF4500"
        }
    },
    {
        "date": "2026-12-27",
        "saint": {
            "name": "Sagrada Familia de Jesus, Maria e José",
            "type": "Dia de Semana",
            "description": "Domingo do Tempo do Natal",
            "color": "#FFFFFF"
        }
    },
    {
        "date": "2026-12-28",
        "saint": {
            "name": "Santos Inocentes, mártires",
            "type": "Dia de Semana",
            "description": "Segunda-Feira do Tempo do Natal",
            "color": "#FF4500"
        }
    },
    {
        "date": "2026-12-29",
        "saint": {
            "name": "São Tomás Becket, bispo e mártir",
            "type": "Comemoração",
            "description": "Terça-Feira do Tempo do Natal",
            "color": "#FF4500"
        }
    },
    {
        "date": "2026-12-30",
        "saint": {
            "name": "6º dia da Oitava do Natal",
            "type": "Dia de Semana",
            "description": "Quarta-Feira do Tempo do Natal",
            "color": "#FFFFFF"
        }
    },
    {
        "date": "2026-12-31",
        "saint": {
            "name": "São Silvestre I, papa",
            "type": "Comemoração",
            "description": "Quinta-Feira do Tempo do Natal",
            "color": "#9370DB"
        }
    }
]